id,spark_download,spark_startup,nodes,cores
1,8.699908018112183,24.946590900421143,1,16
2,8.345337694819388,27.38055396080017,2,32
3,8.522491588242941,27.847296953201294,4,64
