id,spark,kafka,nodes
1,24.946590900421143,2.9488730430603027,1
2,28.0674579144,3.26756191254,1
3,26.374958992004395,2.9666330814361572,1

4,28.030994176864624,3.0447189807891846,2
5,27.38055396080017,2.941401958465576,2
6,27.187828063964844, 2.93786883354187,2

7,27.847296953201294,3.002768039703369,3
8,26.948705196380615,3.0300049781799316,3
